{
  "metadata": {
    "game": "Kuhn Poker",
    "algorithm": "cfr_plus",
    "iterations": 5000,
    "exploitability": 0.004313698595818954,
    "game_value_p0": -0.055738195766044996,
    "training_time": 1.6919951438903809,
    "info_sets": 12,
    "created_at": "2026-05-29T11:26:16Z"
  },
  "strategy": {
    "0:": {
      "CHECK": 0.7633499916901092,
      "BET": 0.23665000830989083
    },
    "1:p": {
      "CHECK": 0.9999998800239952,
      "BET": 1.199760047990402e-07
    },
    "0:pb": {
      "FOLD": 0.9999999869024687,
      "CALL": 1.309753128808421e-08
    },
    "1:b": {
      "FOLD": 0.660622795471277,
      "CALL": 0.3393772045287229
    },
    "2:p": {
      "CHECK": 1.199760047990402e-07,
      "BET": 0.9999998800239952
    },
    "2:b": {
      "FOLD": 1.9996000799840033e-08,
      "CALL": 0.9999999800039991
    },
    "1:": {
      "CHECK": 0.9967491395387622,
      "BET": 0.003250860461237785
    },
    "0:p": {
      "CHECK": 0.6623994921079697,
      "BET": 0.33760050789203044
    },
    "1:pb": {
      "FOLD": 0.42940942175007907,
      "CALL": 0.5705905782499209
    },
    "0:b": {
      "FOLD": 0.9999999800039991,
      "CALL": 1.9996000799840033e-08
    },
    "2:": {
      "CHECK": 0.3036177842036015,
      "BET": 0.6963822157963985
    },
    "2:pb": {
      "FOLD": 3.29295611788522e-08,
      "CALL": 0.9999999670704388
    }
  }
}