{
  "vanilla": {
    "iterations": [
      1,
      1000,
      2000,
      3000,
      4000,
      5000,
      6000,
      7000,
      8000,
      9000,
      10000
    ],
    "exploitability": [
      0.6666666666666667,
      0.013009786411411206,
      0.009003816019313798,
      0.008575719847857377,
      0.006072635523900027,
      0.004664842515883311,
      0.005133315664646865,
      0.003716517688775983,
      0.00470771572682005,
      0.005543475165144557,
      0.002971798262875025
    ],
    "time": 1.8574540615081787,
    "final_exploitability": 0.002971798262875025
  },
  "cfr_plus": {
    "iterations": [
      1,
      1000,
      2000,
      3000,
      4000,
      5000,
      6000,
      7000,
      8000,
      9000,
      10000
    ],
    "exploitability": [
      0.5416666666666669,
      0.00970904497475461,
      0.006791039972463442,
      0.005548776334444894,
      0.00481693047482834,
      0.004313698595818954,
      0.0039357492904010805,
      0.0036405974243712003,
      0.0034194763126523253,
      0.0032198960938394083,
      0.003049381476553148
    ],
    "time": 3.2333240509033203,
    "final_exploitability": 0.003049381476553148
  },
  "dcfr": {
    "iterations": [
      1,
      1000,
      2000,
      3000,
      4000,
      5000,
      6000,
      7000,
      8000,
      9000,
      10000
    ],
    "exploitability": [
      0.6666666666666667,
      0.005836061205176157,
      0.008801711440714954,
      0.008402545140384743,
      0.005415528743074688,
      0.004952979127175822,
      0.0050772343716156965,
      0.004681803554517194,
      0.004529362444796015,
      0.0017181513054814745,
      0.004056049771309439
    ],
    "time": 2.202751874923706,
    "final_exploitability": 0.004056049771309439
  },
  "es_mccfr": {
    "iterations": [
      1,
      2000,
      4000,
      6000,
      8000,
      10000,
      12000,
      14000,
      16000,
      18000,
      20000
    ],
    "exploitability": [
      0.9166666666666665,
      0.036226629270817656,
      0.024875814685137887,
      0.01799035413739497,
      0.022776345001595144,
      0.011213442929007778,
      0.021064854051122434,
      0.02155224444878806,
      0.00969970076553367,
      0.017481304311975226,
      0.02106864279658427
    ],
    "time": 0.7155120372772217,
    "final_exploitability": 0.02106864279658427
  }
}