{
  "vanilla": {
    "iterations": [
      1,
      200,
      400,
      600,
      800,
      1000
    ],
    "exploitability": [
      4.443080150273692,
      0.02820003227143117,
      0.0009152294854873899,
      -0.027332339260274743,
      -0.024543834876726234,
      -0.0024348596066465916
    ],
    "time": 41.17,
    "final_exploitability": -0.0024348596066465916
  },
  "cfr_plus": {
    "iterations": [
      1,
      200,
      400,
      600,
      800,
      1000
    ],
    "exploitability": [
      5.364410483394952,
      0.114171078816259,
      0.09878314605657826,
      0.07782476950985137,
      0.0563701023885024,
      0.042706411492173996
    ],
    "time": 83.58,
    "final_exploitability": 0.042706411492173996
  },
  "dcfr": {
    "iterations": [
      1,
      200,
      400,
      600,
      800,
      1000
    ],
    "exploitability": [
      4.443080150273692,
      0.017305083221049608,
      0.016693216264785607,
      0.009665407304064483,
      0.007347193429405943,
      0.0010165707343277597
    ],
    "time": 46.65,
    "final_exploitability": 0.0010165707343277597
  }
}